{"cameraMode":{"drawMode":0,"name":"Shaded","section":"Shading Mode"},"sceneLighting":true,"audioPlay":false,"sceneViewState":{"showFog":true,"showMaterialUpdate":false,"showSkybox":true,"showFlares":true,"showImageEffects":true,"showParticleSystems":true},"in2DMode":false,"pivot":{"x":2.4358065128326418,"y":0.9559612274169922,"z":-0.6119184494018555},"rotation":{"x":-0.28199052810668948,"y":0.014391215518116951,"z":-0.004230191465467215,"w":-0.9592999815940857},"size":15.364336013793946,"orthographic":false}