{"cameraMode":{"drawMode":0,"name":"Shaded","section":"Shading Mode"},"sceneLighting":false,"audioPlay":false,"sceneViewState":{"showFog":true,"showMaterialUpdate":false,"showSkybox":true,"showFlares":true,"showImageEffects":true,"showParticleSystems":true},"in2DMode":false,"pivot":{"x":-18.988805770874025,"y":9.299468994140625,"z":114.06246185302735},"rotation":{"x":0.0833028107881546,"y":0.0023991644848138096,"z":-0.00020119041437283158,"w":0.9965214133262634},"size":191.23492431640626,"orthographic":false}