{"cameraMode":{"drawMode":0,"name":"Shaded","section":"Shading Mode"},"sceneLighting":true,"audioPlay":false,"sceneViewState":{"showFog":true,"showMaterialUpdate":false,"showSkybox":true,"showFlares":true,"showImageEffects":true,"showParticleSystems":true},"in2DMode":false,"pivot":{"x":0.08515117317438126,"y":1.074965476989746,"z":0.017934352159500123},"rotation":{"x":0.19204074144363404,"y":0.10664395242929459,"z":-0.02099858596920967,"w":0.9753494262695313},"size":1.8420777320861817,"orthographic":false}