{"cameraMode":{"drawMode":0,"name":"Shaded","section":"Shading Mode"},"sceneLighting":false,"audioPlay":false,"sceneViewState":{"showFog":true,"showMaterialUpdate":false,"showSkybox":true,"showFlares":true,"showImageEffects":true,"showParticleSystems":true},"in2DMode":false,"pivot":{"x":-1.1916389465332032,"y":4.449274063110352,"z":-0.36214447021484377},"rotation":{"x":0.39321738481521609,"y":0.33025458455085757,"z":-0.1538320630788803,"w":0.8441846370697022},"size":22.482486724853517,"orthographic":false}