{"cameraMode":{"drawMode":0,"name":"Shaded","section":"Shading Mode"},"sceneLighting":false,"audioPlay":false,"sceneViewState":{"showFog":true,"showMaterialUpdate":false,"showSkybox":true,"showFlares":true,"showImageEffects":true,"showParticleSystems":true},"in2DMode":false,"pivot":{"x":-1.194737434387207,"y":-6.376234531402588,"z":-8.904134750366211},"rotation":{"x":-0.28199052810668948,"y":0.014391215518116951,"z":-0.004230191465467215,"w":-0.9592999815940857},"size":23.975900650024415,"orthographic":false}