{"cameraMode":{"drawMode":0,"name":"Shaded","section":"Shading Mode"},"sceneLighting":false,"audioPlay":false,"sceneViewState":{"showFog":true,"showMaterialUpdate":false,"showSkybox":true,"showFlares":true,"showImageEffects":true,"showParticleSystems":true},"in2DMode":false,"pivot":{"x":10.489564895629883,"y":1.4953837394714356,"z":-12.856088638305664},"rotation":{"x":0.24295750260353089,"y":0.0023360871709883215,"z":-0.0005857580108568072,"w":0.9700339436531067},"size":7.336407661437988,"orthographic":false}