{"cameraMode":{"drawMode":0,"name":"Shaded","section":"Shading Mode"},"sceneLighting":true,"audioPlay":false,"sceneViewState":{"showFog":true,"showMaterialUpdate":false,"showSkybox":true,"showFlares":true,"showImageEffects":true,"showParticleSystems":true},"in2DMode":false,"pivot":{"x":11.856240272521973,"y":-24.629417419433595,"z":38.9348030090332},"rotation":{"x":-0.2804829478263855,"y":-0.025911159813404084,"z":0.007574931718409061,"w":-0.9594793319702148},"size":76.95127868652344,"orthographic":false}