{"cameraMode":{"drawMode":0,"name":"Shaded","section":"Shading Mode"},"sceneLighting":false,"audioPlay":false,"sceneViewState":{"showFog":true,"showMaterialUpdate":false,"showSkybox":true,"showFlares":true,"showImageEffects":true,"showParticleSystems":true},"in2DMode":false,"pivot":{"x":1.059999942779541,"y":2.408763885498047,"z":-1.5900001525878907},"rotation":{"x":0.318452388048172,"y":-0.2791455090045929,"z":0.09871456027030945,"w":0.9005116820335388},"size":28.578840255737306,"orthographic":false}