{"cameraMode":{"drawMode":0,"name":"Shaded","section":"Shading Mode"},"sceneLighting":false,"audioPlay":false,"sceneViewState":{"showFog":true,"showMaterialUpdate":false,"showSkybox":true,"showFlares":true,"showImageEffects":true,"showParticleSystems":true},"in2DMode":false,"pivot":{"x":-2.6338586807250978,"y":-8.22607135772705,"z":-10.138355255126954},"rotation":{"x":-0.28199052810668948,"y":0.014391215518116951,"z":-0.004230191465467215,"w":-0.9592999815940857},"size":22.0,"orthographic":false}