{"cameraMode":{"drawMode":0,"name":"Shaded","section":"Shading Mode"},"sceneLighting":false,"audioPlay":false,"sceneViewState":{"showFog":true,"showMaterialUpdate":false,"showSkybox":true,"showFlares":true,"showImageEffects":true,"showParticleSystems":true},"in2DMode":false,"pivot":{"x":5.032703399658203,"y":1.855496883392334,"z":2.3921456336975099},"rotation":{"x":-0.29508912563323977,"y":0.20431073009967805,"z":-0.06474904716014862,"w":-0.9311214089393616},"size":5.748476505279541,"orthographic":false}