{"cameraMode":{"drawMode":0,"name":"Shaded","section":"Shading Mode"},"sceneLighting":false,"audioPlay":false,"sceneViewState":{"showFog":true,"showMaterialUpdate":false,"showSkybox":true,"showFlares":true,"showImageEffects":true,"showParticleSystems":true},"in2DMode":false,"pivot":{"x":2.6488804817199709,"y":17.534210205078126,"z":1.1902761459350587},"rotation":{"x":0.3137948215007782,"y":0.2298920750617981,"z":-0.07859279960393906,"w":0.9178810715675354},"size":17.409666061401368,"orthographic":false}