{"cameraMode":{"drawMode":0,"name":"Shaded","section":"Shading Mode"},"sceneLighting":false,"audioPlay":false,"sceneViewState":{"showFog":true,"showMaterialUpdate":false,"showSkybox":true,"showFlares":true,"showImageEffects":true,"showParticleSystems":true},"in2DMode":false,"pivot":{"x":-2.0886070728302,"y":1.2107338905334473,"z":1.565999984741211},"rotation":{"x":-0.24286580085754395,"y":-0.150599405169487,"z":0.038197506219148639,"w":-0.9575369358062744},"size":5.948385715484619,"orthographic":false}