{"cameraMode":{"drawMode":0,"name":"Shaded","section":"Shading Mode"},"sceneLighting":false,"audioPlay":false,"sceneViewState":{"showFog":true,"showMaterialUpdate":false,"showSkybox":true,"showFlares":true,"showImageEffects":true,"showParticleSystems":true},"in2DMode":false,"pivot":{"x":-5.960464477539063e-8,"y":0.8069989681243897,"z":0.04060828685760498},"rotation":{"x":-0.37655016779899599,"y":0.11763595789670944,"z":-0.048271939158439639,"w":-0.917628288269043},"size":5.824920177459717,"orthographic":false}