{"cameraMode":{"drawMode":0,"name":"Shaded","section":"Shading Mode"},"sceneLighting":true,"audioPlay":false,"sceneViewState":{"showFog":true,"showMaterialUpdate":false,"showSkybox":true,"showFlares":true,"showImageEffects":true,"showParticleSystems":true},"in2DMode":false,"pivot":{"x":-2.05433988571167,"y":1.3514033555984498,"z":2.1482393741607668},"rotation":{"x":-0.14186100661754609,"y":-0.29930537939071658,"z":0.04505131021142006,"w":-0.9424765706062317},"size":6.042078495025635,"orthographic":false}