{"cameraMode":{"drawMode":0,"name":"Shaded","section":"Shading Mode"},"sceneLighting":false,"audioPlay":false,"sceneViewState":{"showFog":true,"showMaterialUpdate":false,"showSkybox":true,"showFlares":true,"showImageEffects":true,"showParticleSystems":true},"in2DMode":false,"pivot":{"x":21.099998474121095,"y":0.75,"z":11.479999542236329},"rotation":{"x":-0.23562166094779969,"y":-0.1523204892873764,"z":0.03742041438817978,"w":-0.959104061126709},"size":243.64007568359376,"orthographic":false}