{"cameraMode":{"drawMode":0,"name":"Shaded","section":"Shading Mode"},"sceneLighting":false,"audioPlay":false,"sceneViewState":{"showFog":true,"showMaterialUpdate":false,"showSkybox":true,"showFlares":true,"showImageEffects":true,"showParticleSystems":true},"in2DMode":false,"pivot":{"x":-4.484633922576904,"y":-7.144824504852295,"z":-9.497774124145508},"rotation":{"x":-0.28199052810668948,"y":0.014391215518116951,"z":-0.004230191465467215,"w":-0.9592999815940857},"size":21.010000228881837,"orthographic":false}