{"cameraMode":{"drawMode":0,"name":"Shaded","section":"Shading Mode"},"sceneLighting":true,"audioPlay":false,"sceneViewState":{"showFog":true,"showMaterialUpdate":false,"showSkybox":true,"showFlares":true,"showImageEffects":true,"showParticleSystems":true},"in2DMode":false,"pivot":{"x":-1.1387015581130982,"y":2.6512651443481447,"z":-1.141622543334961},"rotation":{"x":-0.26429298520088198,"y":0.054631564766168597,"z":-0.014997987076640129,"w":-0.9627770781517029},"size":6.936325550079346,"orthographic":false}