{"cameraMode":{"drawMode":0,"name":"Shaded","section":"Shading Mode"},"sceneLighting":false,"audioPlay":false,"sceneViewState":{"showFog":true,"showMaterialUpdate":false,"showSkybox":true,"showFlares":true,"showImageEffects":true,"showParticleSystems":true},"in2DMode":false,"pivot":{"x":-4.349999904632568,"y":1.4609990119934083,"z":-25.249393463134767},"rotation":{"x":-0.3839835524559021,"y":0.21408672630786897,"z":-0.09200991690158844,"w":-0.8934527039527893},"size":5.824920654296875,"orthographic":false}