{"cameraMode":{"drawMode":0,"name":"Shaded","section":"Shading Mode"},"sceneLighting":true,"audioPlay":false,"sceneViewState":{"showFog":true,"showMaterialUpdate":false,"showSkybox":true,"showFlares":true,"showImageEffects":true,"showParticleSystems":true},"in2DMode":false,"pivot":{"x":32.386924743652347,"y":1.328948974609375,"z":-9.884796142578125},"rotation":{"x":-0.33771318197250368,"y":-0.16844339668750764,"z":0.061563435941934589,"w":-0.9240058064460754},"size":310.1346740722656,"orthographic":false}