{"cameraMode":{"drawMode":0,"name":"Shaded","section":"Shading Mode"},"sceneLighting":true,"audioPlay":false,"sceneViewState":{"showFog":true,"showMaterialUpdate":false,"showSkybox":true,"showFlares":true,"showImageEffects":true,"showParticleSystems":true},"in2DMode":false,"pivot":{"x":4.569466590881348,"y":-3.2122654914855959,"z":-0.13978958129882813},"rotation":{"x":-0.42171213030815127,"y":-0.04513959586620331,"z":0.02102483995258808,"w":-0.9053614139556885},"size":14.210079193115235,"orthographic":false}