{"cameraMode":{"drawMode":0,"name":"Shaded","section":"Shading Mode"},"sceneLighting":false,"audioPlay":false,"sceneViewState":{"showFog":true,"showMaterialUpdate":false,"showSkybox":true,"showFlares":true,"showImageEffects":true,"showParticleSystems":true},"in2DMode":false,"pivot":{"x":-6.556510925292969e-7,"y":0.4761860966682434,"z":1.7881393432617188e-7},"rotation":{"x":-0.3692340552806854,"y":-0.05600463226437569,"z":0.022297494113445283,"w":-0.9273794293403626},"size":4.677379131317139,"orthographic":false}