{"cameraMode":{"drawMode":0,"name":"Shaded","section":"Shading Mode"},"sceneLighting":false,"audioPlay":false,"sceneViewState":{"showFog":true,"showMaterialUpdate":false,"showSkybox":true,"showFlares":true,"showImageEffects":true,"showParticleSystems":true},"in2DMode":false,"pivot":{"x":0.16238009929656983,"y":1.0014750957489014,"z":0.21668386459350587},"rotation":{"x":-0.3677074611186981,"y":0.2170582115650177,"z":-0.08869333565235138,"w":-0.8998947143554688},"size":4.570638656616211,"orthographic":false}