{"cameraMode":{"drawMode":0,"name":"Shaded","section":"Shading Mode"},"sceneLighting":false,"audioPlay":false,"sceneViewState":{"showFog":true,"showMaterialUpdate":false,"showSkybox":true,"showFlares":true,"showImageEffects":true,"showParticleSystems":true},"in2DMode":false,"pivot":{"x":-6.909938335418701,"y":-8.669404983520508,"z":-12.83676528930664},"rotation":{"x":-0.3839835524559021,"y":0.21408672630786897,"z":-0.09200991690158844,"w":-0.8934527039527893},"size":20.064550399780275,"orthographic":false}