{"cameraMode":{"drawMode":0,"name":"Shaded","section":"Shading Mode"},"sceneLighting":false,"audioPlay":false,"sceneViewState":{"showFog":true,"showMaterialUpdate":false,"showSkybox":true,"showFlares":true,"showImageEffects":true,"showParticleSystems":true},"in2DMode":false,"pivot":{"x":7.088683128356934,"y":4.431387901306152,"z":-2.5029940605163576},"rotation":{"x":-0.05952192842960358,"y":-0.36163774132728579,"z":0.02314160205423832,"w":-0.9301289319992065},"size":11.863780975341797,"orthographic":false}