{"cameraMode":{"drawMode":0,"name":"Shaded","section":"Shading Mode"},"sceneLighting":false,"audioPlay":false,"sceneViewState":{"showFog":true,"showMaterialUpdate":false,"showSkybox":true,"showFlares":true,"showImageEffects":true,"showParticleSystems":true},"in2DMode":false,"pivot":{"x":-5.9237589836120609,"y":2.0755581855773927,"z":3.13046932220459},"rotation":{"x":-0.2607031464576721,"y":-0.19416359066963197,"z":0.053611475974321368,"w":-0.9441717267036438},"size":3.1197283267974855,"orthographic":false}