{"cameraMode":{"drawMode":0,"name":"Shaded","section":"Shading Mode"},"sceneLighting":false,"audioPlay":false,"sceneViewState":{"showFog":true,"showMaterialUpdate":false,"showSkybox":true,"showFlares":true,"showImageEffects":true,"showParticleSystems":true},"in2DMode":false,"pivot":{"x":-2.0886070728302,"y":1.2107338905334473,"z":1.565999984741211},"rotation":{"x":-0.15675365924835206,"y":-0.21762369573116303,"z":0.03543408215045929,"w":-0.9627110958099365},"size":5.948385715484619,"orthographic":false}