{"cameraMode":{"drawMode":0,"name":"Shaded","section":"Shading Mode"},"sceneLighting":true,"audioPlay":false,"sceneViewState":{"showFog":true,"showMaterialUpdate":false,"showSkybox":true,"showFlares":true,"showImageEffects":true,"showParticleSystems":true},"in2DMode":false,"pivot":{"x":-2.663290023803711,"y":0.3087589740753174,"z":4.836447715759277},"rotation":{"x":-0.15675365924835206,"y":-0.21762369573116303,"z":0.03543408215045929,"w":-0.9627110958099365},"size":7.955671310424805,"orthographic":false}