{"cameraMode":{"drawMode":0,"name":"Shaded","section":"Shading Mode"},"sceneLighting":false,"audioPlay":false,"sceneViewState":{"showFog":true,"showMaterialUpdate":false,"showSkybox":true,"showFlares":true,"showImageEffects":true,"showParticleSystems":true},"in2DMode":false,"pivot":{"x":-2.3501498699188234,"y":1.2107338905334473,"z":1.7699999809265137},"rotation":{"x":-0.27120497822761538,"y":-0.12118185311555863,"z":0.0344405323266983,"w":-0.9542413949966431},"size":5.90082311630249,"orthographic":false}