{"cameraMode":{"drawMode":0,"name":"Shaded","section":"Shading Mode"},"sceneLighting":false,"audioPlay":false,"sceneViewState":{"showFog":true,"showMaterialUpdate":false,"showSkybox":true,"showFlares":true,"showImageEffects":true,"showParticleSystems":true},"in2DMode":false,"pivot":{"x":0.9223731756210327,"y":0.2885401248931885,"z":6.234158515930176},"rotation":{"x":-0.2905578315258026,"y":0.024093300104141237,"z":-0.007319299969822168,"w":-0.9565260410308838},"size":3.020211935043335,"orthographic":false}